{
  "entrypoints": [
    "main"
  ],
  "origins": {
    "75": [
      75
    ],
    "897": [
      85,
      89,
      103,
      514,
      532,
      610,
      897
    ],
    "17896441": [
      532,
      339
    ],
    "main": [
      303,
      532,
      179
    ],
    "runtime~main": [
      179,
      532,
      303
    ],
    "01a85c17": [
      532,
      13
    ],
    "0b7454c3": [
      947
    ],
    "16dbbbce": [
      918
    ],
    "189d18be": [
      259
    ],
    "1be78505": [
      532,
      897,
      75
    ],
    "1f391b9e": [
      532,
      897,
      85
    ],
    "22d1f0f5": [
      689
    ],
    "384f52ab": [
      458
    ],
    "393be207": [
      414
    ],
    "4fa079b0": [
      130
    ],
    "5f699e35": [
      70
    ],
    "65f3d9c4": [
      833
    ],
    "6817bfe8": [
      28
    ],
    "6875c492": [
      532,
      897,
      610
    ],
    "75dc470f": [
      480
    ],
    "78ee2145": [
      305
    ],
    "791ea5f0": [
      823
    ],
    "797c573a": [
      473
    ],
    "814f3328": [
      535
    ],
    "820d67e7": [
      1
    ],
    "85f0ea72": [
      624
    ],
    "86cfa49c": [
      119
    ],
    "897e49f4": [
      149
    ],
    "935f2afb": [
      53
    ],
    "9e4087bc": [
      608
    ],
    "9ff5f39d": [
      520
    ],
    "a6aa9e1f": [
      532,
      897,
      89
    ],
    "bd9befca": [
      76
    ],
    "c4f5d8e4": [
      532,
      195
    ],
    "ccc49370": [
      532,
      897,
      103
    ],
    "cdde70be": [
      906
    ],
    "d0b75645": [
      247
    ],
    "d945520e": [
      913
    ],
    "dd0a9fd3": [
      284
    ],
    "styles": [
      13,
      85,
      89,
      103,
      179,
      195,
      303,
      339,
      514,
      610,
      897,
      532
    ]
  },
  "assets": {
    "1": {
      "js": [
        {
          "file": "assets/js/820d67e7.5177fc13.js",
          "hash": "0fbc7474c3fec41d",
          "publicPath": "/css-career-guide/assets/js/820d67e7.5177fc13.js"
        }
      ]
    },
    "13": {
      "js": [
        {
          "file": "assets/js/01a85c17.57801c88.js",
          "hash": "b55f514a2d6baeae",
          "publicPath": "/css-career-guide/assets/js/01a85c17.57801c88.js"
        }
      ]
    },
    "28": {
      "js": [
        {
          "file": "assets/js/6817bfe8.b1aecac1.js",
          "hash": "d61ad6cee3315d04",
          "publicPath": "/css-career-guide/assets/js/6817bfe8.b1aecac1.js"
        }
      ]
    },
    "53": {
      "js": [
        {
          "file": "assets/js/935f2afb.582840fd.js",
          "hash": "909e183b2b2259eb",
          "publicPath": "/css-career-guide/assets/js/935f2afb.582840fd.js"
        }
      ]
    },
    "70": {
      "js": [
        {
          "file": "assets/js/5f699e35.3374a02c.js",
          "hash": "373a6a5d2f61d3c6",
          "publicPath": "/css-career-guide/assets/js/5f699e35.3374a02c.js"
        }
      ]
    },
    "75": {
      "js": [
        {
          "file": "assets/js/75.78d64de5.js",
          "hash": "9d320b70aec535ba",
          "publicPath": "/css-career-guide/assets/js/75.78d64de5.js"
        },
        {
          "file": "assets/js/1be78505.fd280930.js",
          "hash": "98b770f213820511",
          "publicPath": "/css-career-guide/assets/js/1be78505.fd280930.js"
        }
      ]
    },
    "76": {
      "js": [
        {
          "file": "assets/js/bd9befca.b63dc31b.js",
          "hash": "6fecb9e1a71b5c30",
          "publicPath": "/css-career-guide/assets/js/bd9befca.b63dc31b.js"
        }
      ]
    },
    "85": {
      "js": [
        {
          "file": "assets/js/1f391b9e.53bdb2dc.js",
          "hash": "08d7dc3267656de7",
          "publicPath": "/css-career-guide/assets/js/1f391b9e.53bdb2dc.js"
        }
      ]
    },
    "89": {
      "js": [
        {
          "file": "assets/js/a6aa9e1f.00bbc6c2.js",
          "hash": "2a99a541204bdaef",
          "publicPath": "/css-career-guide/assets/js/a6aa9e1f.00bbc6c2.js"
        }
      ]
    },
    "103": {
      "js": [
        {
          "file": "assets/js/ccc49370.a80f427c.js",
          "hash": "14d4048ef5e8ec45",
          "publicPath": "/css-career-guide/assets/js/ccc49370.a80f427c.js"
        }
      ]
    },
    "119": {
      "js": [
        {
          "file": "assets/js/86cfa49c.4facf1f6.js",
          "hash": "aff35807de1f68dc",
          "publicPath": "/css-career-guide/assets/js/86cfa49c.4facf1f6.js"
        }
      ]
    },
    "130": {
      "js": [
        {
          "file": "assets/js/4fa079b0.9710daee.js",
          "hash": "1cbc60e86ed26025",
          "publicPath": "/css-career-guide/assets/js/4fa079b0.9710daee.js"
        }
      ]
    },
    "149": {
      "js": [
        {
          "file": "assets/js/897e49f4.b865aa04.js",
          "hash": "41bbc053a2c1af21",
          "publicPath": "/css-career-guide/assets/js/897e49f4.b865aa04.js"
        }
      ]
    },
    "179": {
      "js": [
        {
          "file": "assets/js/main.3018e032.js",
          "hash": "23d491dc2ff13a4e",
          "publicPath": "/css-career-guide/assets/js/main.3018e032.js"
        }
      ]
    },
    "195": {
      "js": [
        {
          "file": "assets/js/c4f5d8e4.0435230e.js",
          "hash": "aa5773691661d789",
          "publicPath": "/css-career-guide/assets/js/c4f5d8e4.0435230e.js"
        }
      ]
    },
    "247": {
      "js": [
        {
          "file": "assets/js/d0b75645.9de4302c.js",
          "hash": "324812a3f56a6aed",
          "publicPath": "/css-career-guide/assets/js/d0b75645.9de4302c.js"
        }
      ]
    },
    "259": {
      "js": [
        {
          "file": "assets/js/189d18be.0c5a64fc.js",
          "hash": "b9c00d8b132c4e6c",
          "publicPath": "/css-career-guide/assets/js/189d18be.0c5a64fc.js"
        }
      ]
    },
    "284": {
      "js": [
        {
          "file": "assets/js/dd0a9fd3.968e23c0.js",
          "hash": "635e8e8c38710007",
          "publicPath": "/css-career-guide/assets/js/dd0a9fd3.968e23c0.js"
        }
      ]
    },
    "303": {
      "js": [
        {
          "file": "assets/js/runtime~main.29effead.js",
          "hash": "8ad235a1827eb877",
          "publicPath": "/css-career-guide/assets/js/runtime~main.29effead.js"
        }
      ]
    },
    "305": {
      "js": [
        {
          "file": "assets/js/78ee2145.c9285330.js",
          "hash": "d1394d8a26216f8d",
          "publicPath": "/css-career-guide/assets/js/78ee2145.c9285330.js"
        }
      ]
    },
    "339": {
      "js": [
        {
          "file": "assets/js/17896441.45d21ea3.js",
          "hash": "20f7401ec59c0f06",
          "publicPath": "/css-career-guide/assets/js/17896441.45d21ea3.js"
        }
      ]
    },
    "414": {
      "js": [
        {
          "file": "assets/js/393be207.607b696e.js",
          "hash": "8698bbd004684149",
          "publicPath": "/css-career-guide/assets/js/393be207.607b696e.js"
        }
      ]
    },
    "458": {
      "js": [
        {
          "file": "assets/js/384f52ab.c946f932.js",
          "hash": "4a601c5a7c540996",
          "publicPath": "/css-career-guide/assets/js/384f52ab.c946f932.js"
        }
      ]
    },
    "473": {
      "js": [
        {
          "file": "assets/js/797c573a.5976d220.js",
          "hash": "c84ebfa20eed7d2e",
          "publicPath": "/css-career-guide/assets/js/797c573a.5976d220.js"
        }
      ]
    },
    "480": {
      "js": [
        {
          "file": "assets/js/75dc470f.e4216780.js",
          "hash": "e2fa06ee71979505",
          "publicPath": "/css-career-guide/assets/js/75dc470f.e4216780.js"
        }
      ]
    },
    "520": {
      "js": [
        {
          "file": "assets/js/9ff5f39d.c4a27819.js",
          "hash": "044f0211a500b446",
          "publicPath": "/css-career-guide/assets/js/9ff5f39d.c4a27819.js"
        }
      ]
    },
    "532": {
      "css": [
        {
          "file": "assets/css/styles.feb03a1a.css",